[{"uid":"a19ce4be82ad6564","name":"Invalid parameters handling -- @1.6 ","time":{"start":1682670787940,"stop":1682670787945,"duration":5},"status":"failed","severity":"normal"},{"uid":"f99c3ead3d43ba51","name":"Invalid parameters handling -- @1.3 ","time":{"start":1682670787919,"stop":1682670787925,"duration":6},"status":"passed","severity":"normal"},{"uid":"9818d27697fa7787","name":"Invalid parameters handling -- @1.5 ","time":{"start":1682670787934,"stop":1682670787939,"duration":5},"status":"passed","severity":"normal"},{"uid":"ad1b898aedb7470","name":"Missing payload information -- @1.1 ","time":{"start":1682670788010,"stop":1682670788021,"duration":11},"status":"failed","severity":"normal"},{"uid":"e3cd89d8e73a9ab3","name":"Missing payload information -- @1.2 ","time":{"start":1682670788022,"stop":1682670788035,"duration":13},"status":"failed","severity":"normal"},{"uid":"9579e4cd30f3b5a7","name":"Missing payload information -- @1.3 ","time":{"start":1682670788036,"stop":1682670788060,"duration":24},"status":"failed","severity":"normal"},{"uid":"6f82be6efcdc0931","name":"Invalid parameters handling -- @1.7 ","time":{"start":1682670787946,"stop":1682670787952,"duration":6},"status":"failed","severity":"normal"},{"uid":"9920bda90d9162c","name":"Hoover does not move if driving into a wall -- @1.3 ","time":{"start":1682670788080,"stop":1682670788094,"duration":14},"status":"failed","severity":"normal"},{"uid":"9a68363e5c367e9a","name":"Hoover does not move if driving into a wall -- @1.2 ","time":{"start":1682670788072,"stop":1682670788080,"duration":8},"status":"passed","severity":"normal"},{"uid":"9bf8193d9a4732b3","name":"Hoover does not move if driving into a wall -- @1.5 ","time":{"start":1682670788103,"stop":1682670788111,"duration":8},"status":"passed","severity":"normal"},{"uid":"a1e00422a9242fde","name":"Hoover navigates the room and cleans patches of dirt -- @1.2 ","time":{"start":1682670787830,"stop":1682670787858,"duration":28},"status":"failed","severity":"normal"},{"uid":"59c7ccd3fd298c3d","name":"Invalid parameters handling -- @1.13 ","time":{"start":1682670787988,"stop":1682670787993,"duration":5},"status":"passed","severity":"normal"},{"uid":"4397cd88c9570295","name":"Invalid parameters handling -- @1.1 ","time":{"start":1682670787904,"stop":1682670787911,"duration":7},"status":"passed","severity":"normal"},{"uid":"1d021d1d52f2acfe","name":"Hoover does not move if driving into a wall -- @1.6 ","time":{"start":1682670788112,"stop":1682670788119,"duration":7},"status":"passed","severity":"normal"},{"uid":"56dd7fda4dc0bac0","name":"Invalid parameters handling -- @1.9 ","time":{"start":1682670787959,"stop":1682670787966,"duration":7},"status":"failed","severity":"normal"},{"uid":"e6e758f26fba2f5f","name":"Invalid parameters handling -- @1.12 ","time":{"start":1682670787981,"stop":1682670787987,"duration":6},"status":"passed","severity":"normal"},{"uid":"c91c8922ecf68c3e","name":"Hoover navigates the room and cleans patches of dirt -- @1.3 ","time":{"start":1682670787874,"stop":1682670787903,"duration":29},"status":"failed","severity":"normal"},{"uid":"e6e33493840b1cda","name":"Invalid parameters handling -- @1.11 ","time":{"start":1682670787974,"stop":1682670787980,"duration":6},"status":"failed","severity":"normal"},{"uid":"e2c43d4d69c8a44f","name":"Invalid parameters handling -- @1.15 ","time":{"start":1682670788002,"stop":1682670788009,"duration":7},"status":"failed","severity":"normal"},{"uid":"67642d7d54b2e8d","name":"Hoover does not move if driving into a wall -- @1.4 ","time":{"start":1682670788094,"stop":1682670788103,"duration":9},"status":"failed","severity":"normal"},{"uid":"1a29c671b142be9f","name":"Invalid parameters handling -- @1.4 ","time":{"start":1682670787926,"stop":1682670787933,"duration":7},"status":"failed","severity":"normal"},{"uid":"fe83c1be9910de1b","name":"Invalid parameters handling -- @1.10 ","time":{"start":1682670787967,"stop":1682670787973,"duration":6},"status":"failed","severity":"normal"},{"uid":"feacaf383f11472","name":"Hoover does not move if driving into a wall -- @1.1 ","time":{"start":1682670788062,"stop":1682670788071,"duration":9},"status":"passed","severity":"normal"},{"uid":"c79504e2ac13d36f","name":"Hoover navigates the room and cleans patches of dirt -- @1.1 ","time":{"start":1682670787808,"stop":1682670787828,"duration":20},"status":"failed","severity":"normal"},{"uid":"2bf2029a83eeb83b","name":"Invalid parameters handling -- @1.2 ","time":{"start":1682670787911,"stop":1682670787918,"duration":7},"status":"passed","severity":"normal"},{"uid":"5848618d73cd70eb","name":"Invalid parameters handling -- @1.8 ","time":{"start":1682670787952,"stop":1682670787959,"duration":7},"status":"failed","severity":"normal"},{"uid":"e12e7d7efe27f571","name":"Invalid parameters handling -- @1.14 ","time":{"start":1682670787993,"stop":1682670788001,"duration":8},"status":"failed","severity":"normal"}]