{"170c2eab35297122a0de665846c35a61":{"statistic":{"failed":0,"broken":0,"skipped":0,"passed":1,"unknown":0,"total":1},"items":[{"uid":"9a68363e5c367e9a","status":"passed","time":{"start":1682670788072,"stop":1682670788080,"duration":8}}]},"38a02df2d75e28889ce51cdac64394e4":{"statistic":{"failed":0,"broken":0,"skipped":0,"passed":1,"unknown":0,"total":1},"items":[{"uid":"4397cd88c9570295","status":"passed","time":{"start":1682670787904,"stop":1682670787911,"duration":7}}]},"781efc37b9eecdea728c61b23c791395":{"statistic":{"failed":1,"broken":0,"skipped":0,"passed":0,"unknown":0,"total":1},"items":[{"uid":"e6e33493840b1cda","status":"failed","statusDetails":"AssertionError: Expected 400 but got 200\n","time":{"start":1682670787974,"stop":1682670787980,"duration":6}}]},"253526cefb85a2f3357a2bff33ea2178":{"statistic":{"failed":1,"broken":0,"skipped":0,"passed":0,"unknown":0,"total":1},"items":[{"uid":"a19ce4be82ad6564","status":"failed","statusDetails":"AssertionError: Expected 400 but got 200\n","time":{"start":1682670787940,"stop":1682670787945,"duration":5}}]},"da3c54d203b93d5064855c5a05d8f033":{"statistic":{"failed":1,"broken":0,"skipped":0,"passed":0,"unknown":0,"total":1},"items":[{"uid":"c79504e2ac13d36f","status":"failed","statusDetails":"AssertionError: Expected 1 but got 4\n","time":{"start":1682670787808,"stop":1682670787828,"duration":20}}]},"e1c2c1d7d4702dd874b0f1b7d2867823":{"statistic":{"failed":1,"broken":0,"skipped":0,"passed":0,"unknown":0,"total":1},"items":[{"uid":"e3cd89d8e73a9ab3","status":"failed","statusDetails":"AssertionError: Expected error message 'Missing input parameter'\n","time":{"start":1682670788022,"stop":1682670788035,"duration":13}}]},"ff6b5bea8bfb1a4d818c850557112d54":{"statistic":{"failed":1,"broken":0,"skipped":0,"passed":0,"unknown":0,"total":1},"items":[{"uid":"9920bda90d9162c","status":"failed","statusDetails":"AssertionError: Expected 0 but got 1\n","time":{"start":1682670788080,"stop":1682670788094,"duration":14}}]},"5e975b19e3b5b92d697c2933313bb2aa":{"statistic":{"failed":0,"broken":0,"skipped":0,"passed":1,"unknown":0,"total":1},"items":[{"uid":"59c7ccd3fd298c3d","status":"passed","time":{"start":1682670787988,"stop":1682670787993,"duration":5}}]},"143184cccce763e0aec9a43d979b2a41":{"statistic":{"failed":1,"broken":0,"skipped":0,"passed":0,"unknown":0,"total":1},"items":[{"uid":"5848618d73cd70eb","status":"failed","statusDetails":"AssertionError: Expected 400 but got 200\n","time":{"start":1682670787952,"stop":1682670787959,"duration":7}}]},"f01246779be7a7c9072398ff8bbdfe24":{"statistic":{"failed":1,"broken":0,"skipped":0,"passed":0,"unknown":0,"total":1},"items":[{"uid":"e12e7d7efe27f571","status":"failed","statusDetails":"AssertionError: Expected 400 but got 200\n","time":{"start":1682670787993,"stop":1682670788001,"duration":8}}]},"523aa90aab82b25b7c6e903edf753206":{"statistic":{"failed":1,"broken":0,"skipped":0,"passed":0,"unknown":0,"total":1},"items":[{"uid":"a1e00422a9242fde","status":"failed","statusDetails":"AssertionError: Expected [2, 9] but got [3, 9]\n","time":{"start":1682670787830,"stop":1682670787858,"duration":28}}]},"a31f2fc0bedd9c1053d4161edecc5529":{"statistic":{"failed":0,"broken":0,"skipped":0,"passed":1,"unknown":0,"total":1},"items":[{"uid":"e6e758f26fba2f5f","status":"passed","time":{"start":1682670787981,"stop":1682670787987,"duration":6}}]},"5d2e6840e5991e42905cbec61cb083fe":{"statistic":{"failed":1,"broken":0,"skipped":0,"passed":0,"unknown":0,"total":1},"items":[{"uid":"1a29c671b142be9f","status":"failed","statusDetails":"AssertionError: Expected 400 but got 200\n","time":{"start":1682670787926,"stop":1682670787933,"duration":7}}]},"c116ae5b4509dd184c12b9930e9e307a":{"statistic":{"failed":1,"broken":0,"skipped":0,"passed":0,"unknown":0,"total":1},"items":[{"uid":"fe83c1be9910de1b","status":"failed","statusDetails":"AssertionError: Expected 400 but got 200\n","time":{"start":1682670787967,"stop":1682670787973,"duration":6}}]},"b9f51eef18fed654e70eed3063e43109":{"statistic":{"failed":1,"broken":0,"skipped":0,"passed":0,"unknown":0,"total":1},"items":[{"uid":"6f82be6efcdc0931","status":"failed","statusDetails":"AssertionError: Expected 400 but got 200\n","time":{"start":1682670787946,"stop":1682670787952,"duration":6}}]},"bcedcdadfde30464de2e5df248b58c78":{"statistic":{"failed":0,"broken":0,"skipped":0,"passed":1,"unknown":0,"total":1},"items":[{"uid":"1d021d1d52f2acfe","status":"passed","time":{"start":1682670788112,"stop":1682670788119,"duration":7}}]},"d41a530a24a3dbc792835e26d36e265d":{"statistic":{"failed":0,"broken":0,"skipped":0,"passed":1,"unknown":0,"total":1},"items":[{"uid":"9bf8193d9a4732b3","status":"passed","time":{"start":1682670788103,"stop":1682670788111,"duration":8}}]},"f14afa73d7b741e246cb1951126534ea":{"statistic":{"failed":1,"broken":0,"skipped":0,"passed":0,"unknown":0,"total":1},"items":[{"uid":"e2c43d4d69c8a44f","status":"failed","statusDetails":"AssertionError: Expected 400 but got 200\n","time":{"start":1682670788002,"stop":1682670788009,"duration":7}}]},"336c0cbe39d748fd3132ea993e1ef0af":{"statistic":{"failed":1,"broken":0,"skipped":0,"passed":0,"unknown":0,"total":1},"items":[{"uid":"67642d7d54b2e8d","status":"failed","statusDetails":"AssertionError: Expected 0 but got 1\n","time":{"start":1682670788094,"stop":1682670788103,"duration":9}}]},"cfcf6859d7fa4393aea33a1f85e1ba52":{"statistic":{"failed":0,"broken":0,"skipped":0,"passed":1,"unknown":0,"total":1},"items":[{"uid":"f99c3ead3d43ba51","status":"passed","time":{"start":1682670787919,"stop":1682670787925,"duration":6}}]},"c59b209bea0d9a05a27154beef6f8e76":{"statistic":{"failed":0,"broken":0,"skipped":0,"passed":1,"unknown":0,"total":1},"items":[{"uid":"9818d27697fa7787","status":"passed","time":{"start":1682670787934,"stop":1682670787939,"duration":5}}]},"1ab55767dacedefbdb04ec832b71e8e1":{"statistic":{"failed":1,"broken":0,"skipped":0,"passed":0,"unknown":0,"total":1},"items":[{"uid":"9579e4cd30f3b5a7","status":"failed","statusDetails":"AssertionError: Expected error message 'Missing input parameter'\n","time":{"start":1682670788036,"stop":1682670788060,"duration":24}}]},"9d121416fb6ccc3efa15e3facc5a5704":{"statistic":{"failed":0,"broken":0,"skipped":0,"passed":1,"unknown":0,"total":1},"items":[{"uid":"2bf2029a83eeb83b","status":"passed","time":{"start":1682670787911,"stop":1682670787918,"duration":7}}]},"5a4d6bc8917b2de5c2c25cb9b429d397":{"statistic":{"failed":1,"broken":0,"skipped":0,"passed":0,"unknown":0,"total":1},"items":[{"uid":"c91c8922ecf68c3e","status":"failed","statusDetails":"AssertionError: Expected [4, 1] but got [0, 0]\n","time":{"start":1682670787874,"stop":1682670787903,"duration":29}}]},"15ac7df85b07db54813a3fefe30ca1d6":{"statistic":{"failed":1,"broken":0,"skipped":0,"passed":0,"unknown":0,"total":1},"items":[{"uid":"56dd7fda4dc0bac0","status":"failed","statusDetails":"AssertionError: Expected 400 but got 200\n","time":{"start":1682670787959,"stop":1682670787966,"duration":7}}]},"128d45841eed7c349df8b179081bc490":{"statistic":{"failed":0,"broken":0,"skipped":0,"passed":1,"unknown":0,"total":1},"items":[{"uid":"feacaf383f11472","status":"passed","time":{"start":1682670788062,"stop":1682670788071,"duration":9}}]},"b2465fffc24825039c32f301921d79db":{"statistic":{"failed":1,"broken":0,"skipped":0,"passed":0,"unknown":0,"total":1},"items":[{"uid":"ad1b898aedb7470","status":"failed","statusDetails":"AssertionError: Expected error message 'Missing input parameter'\n","time":{"start":1682670788010,"stop":1682670788021,"duration":11}}]}}