{"uid":"b1a8273437954620fa374b796ffaacdd","name":"behaviors","children":[{"name":"Hoover service testing","children":[{"name":"Hoover navigates the room and cleans patches of dirt -- @1.1 ","uid":"c79504e2ac13d36f","parentUid":"a2371511f27b0a7adc36c0f9d4cc937a","status":"failed","time":{"start":1682670787808,"stop":1682670787828,"duration":20},"flaky":false,"newFailed":false,"newPassed":false,"newBroken":false,"retriesCount":2,"retriesStatusChange":false,"parameters":["1","1,0;2,2;2,3","1","3","NNESEESWNWW","5","5","1","2"],"tags":["skip"]},{"name":"Hoover navigates the room and cleans patches of dirt -- @1.2 ","uid":"a1e00422a9242fde","parentUid":"a2371511f27b0a7adc36c0f9d4cc937a","status":"failed","time":{"start":1682670787830,"stop":1682670787858,"duration":28},"flaky":false,"newFailed":false,"newPassed":false,"newBroken":false,"retriesCount":2,"retriesStatusChange":false,"parameters":["4","1,1;2,2;2,4;4,4","2","9","NESWWNWNESNENNNNN","10","10","3","4"],"tags":["skip"]},{"name":"Hoover navigates the room and cleans patches of dirt -- @1.3 ","uid":"c91c8922ecf68c3e","parentUid":"a2371511f27b0a7adc36c0f9d4cc937a","status":"failed","time":{"start":1682670787874,"stop":1682670787903,"duration":29},"flaky":false,"newFailed":false,"newPassed":false,"newBroken":false,"retriesCount":2,"retriesStatusChange":false,"parameters":["1","1,1;3,3","4","1","EENNNNNNWWSSS","7","4","0","0"],"tags":["skip"]},{"name":"Invalid parameters handling -- @1.1 ","uid":"4397cd88c9570295","parentUid":"a2371511f27b0a7adc36c0f9d4cc937a","status":"passed","time":{"start":1682670787904,"stop":1682670787911,"duration":7},"flaky":false,"newFailed":false,"newPassed":false,"newBroken":false,"retriesCount":2,"retriesStatusChange":false,"parameters":["0,0","N","0","0","0","0"],"tags":[]},{"name":"Invalid parameters handling -- @1.2 ","uid":"2bf2029a83eeb83b","parentUid":"a2371511f27b0a7adc36c0f9d4cc937a","status":"passed","time":{"start":1682670787911,"stop":1682670787918,"duration":7},"flaky":false,"newFailed":false,"newPassed":false,"newBroken":false,"retriesCount":2,"retriesStatusChange":false,"parameters":["0,0","E","0","0","-1","-1"],"tags":[]},{"name":"Invalid parameters handling -- @1.3 ","uid":"f99c3ead3d43ba51","parentUid":"a2371511f27b0a7adc36c0f9d4cc937a","status":"passed","time":{"start":1682670787919,"stop":1682670787925,"duration":6},"flaky":false,"newFailed":false,"newPassed":false,"newBroken":false,"retriesCount":2,"retriesStatusChange":false,"parameters":["1,1","S","0","0","-1","-1"],"tags":[]},{"name":"Invalid parameters handling -- @1.4 ","uid":"1a29c671b142be9f","parentUid":"a2371511f27b0a7adc36c0f9d4cc937a","status":"failed","time":{"start":1682670787926,"stop":1682670787933,"duration":7},"flaky":false,"newFailed":false,"newPassed":false,"newBroken":false,"retriesCount":2,"retriesStatusChange":false,"parameters":["1,1","N","0","0","1","-2"],"tags":[]},{"name":"Invalid parameters handling -- @1.5 ","uid":"9818d27697fa7787","parentUid":"a2371511f27b0a7adc36c0f9d4cc937a","status":"passed","time":{"start":1682670787934,"stop":1682670787939,"duration":5},"flaky":false,"newFailed":false,"newPassed":false,"newBroken":false,"retriesCount":2,"retriesStatusChange":false,"parameters":["0,0","W","0","0","1","2"],"tags":[]},{"name":"Invalid parameters handling -- @1.6 ","uid":"a19ce4be82ad6564","parentUid":"a2371511f27b0a7adc36c0f9d4cc937a","status":"failed","time":{"start":1682670787940,"stop":1682670787945,"duration":5},"flaky":false,"newFailed":false,"newPassed":false,"newBroken":false,"retriesCount":2,"retriesStatusChange":false,"parameters":["1,1","N","0","0","1","2"],"tags":[]},{"name":"Invalid parameters handling -- @1.7 ","uid":"6f82be6efcdc0931","parentUid":"a2371511f27b0a7adc36c0f9d4cc937a","status":"failed","time":{"start":1682670787946,"stop":1682670787952,"duration":6},"flaky":false,"newFailed":false,"newPassed":false,"newBroken":false,"retriesCount":2,"retriesStatusChange":false,"parameters":["1,1","N","-1","0","1","2"],"tags":[]},{"name":"Invalid parameters handling -- @1.8 ","uid":"5848618d73cd70eb","parentUid":"a2371511f27b0a7adc36c0f9d4cc937a","status":"failed","time":{"start":1682670787952,"stop":1682670787959,"duration":7},"flaky":false,"newFailed":false,"newPassed":false,"newBroken":false,"retriesCount":2,"retriesStatusChange":false,"parameters":["1,1","N","2","-3","1","2"],"tags":[]},{"name":"Invalid parameters handling -- @1.9 ","uid":"56dd7fda4dc0bac0","parentUid":"a2371511f27b0a7adc36c0f9d4cc937a","status":"failed","time":{"start":1682670787959,"stop":1682670787966,"duration":7},"flaky":false,"newFailed":false,"newPassed":false,"newBroken":false,"retriesCount":2,"retriesStatusChange":false,"parameters":["1,1","N","-4","-3","1","2"],"tags":[]},{"name":"Invalid parameters handling -- @1.10 ","uid":"fe83c1be9910de1b","parentUid":"a2371511f27b0a7adc36c0f9d4cc937a","status":"failed","time":{"start":1682670787967,"stop":1682670787973,"duration":6},"flaky":false,"newFailed":false,"newPassed":false,"newBroken":false,"retriesCount":2,"retriesStatusChange":false,"parameters":["1,1","N","5","5","-4","-2"],"tags":[]},{"name":"Invalid parameters handling -- @1.11 ","uid":"e6e33493840b1cda","parentUid":"a2371511f27b0a7adc36c0f9d4cc937a","status":"failed","time":{"start":1682670787974,"stop":1682670787980,"duration":6},"flaky":false,"newFailed":false,"newPassed":false,"newBroken":false,"retriesCount":2,"retriesStatusChange":false,"parameters":["1,1","N","5","5","1","-1"],"tags":[]},{"name":"Invalid parameters handling -- @1.12 ","uid":"e6e758f26fba2f5f","parentUid":"a2371511f27b0a7adc36c0f9d4cc937a","status":"passed","time":{"start":1682670787981,"stop":1682670787987,"duration":6},"flaky":false,"newFailed":false,"newPassed":false,"newBroken":false,"retriesCount":2,"retriesStatusChange":false,"parameters":["1,1","N","5","5","-1","-6"],"tags":[]},{"name":"Invalid parameters handling -- @1.13 ","uid":"59c7ccd3fd298c3d","parentUid":"a2371511f27b0a7adc36c0f9d4cc937a","status":"passed","time":{"start":1682670787988,"stop":1682670787993,"duration":5},"flaky":false,"newFailed":false,"newPassed":false,"newBroken":false,"retriesCount":2,"retriesStatusChange":false,"parameters":["1,1","N","5","5","5","5"],"tags":[]},{"name":"Invalid parameters handling -- @1.14 ","uid":"e12e7d7efe27f571","parentUid":"a2371511f27b0a7adc36c0f9d4cc937a","status":"failed","time":{"start":1682670787993,"stop":1682670788001,"duration":8},"flaky":false,"newFailed":false,"newPassed":false,"newBroken":false,"retriesCount":2,"retriesStatusChange":false,"parameters":["1,1","N","5","5","6","7"],"tags":[]},{"name":"Invalid parameters handling -- @1.15 ","uid":"e2c43d4d69c8a44f","parentUid":"a2371511f27b0a7adc36c0f9d4cc937a","status":"failed","time":{"start":1682670788002,"stop":1682670788009,"duration":7},"flaky":false,"newFailed":false,"newPassed":false,"newBroken":false,"retriesCount":2,"retriesStatusChange":false,"parameters":["8,6","N","5","5","2","3"],"tags":[]},{"name":"Missing payload information -- @1.1 ","uid":"ad1b898aedb7470","parentUid":"a2371511f27b0a7adc36c0f9d4cc937a","status":"failed","time":{"start":1682670788010,"stop":1682670788021,"duration":11},"flaky":false,"newFailed":false,"newPassed":false,"newBroken":false,"retriesCount":2,"retriesStatusChange":false,"parameters":["NNESEESWNWW","5","5","1","2"],"tags":[]},{"name":"Missing payload information -- @1.2 ","uid":"e3cd89d8e73a9ab3","parentUid":"a2371511f27b0a7adc36c0f9d4cc937a","status":"failed","time":{"start":1682670788022,"stop":1682670788035,"duration":13},"flaky":false,"newFailed":false,"newPassed":false,"newBroken":false,"retriesCount":2,"retriesStatusChange":false,"parameters":["NESWWNWNESNENNNNN","10","10","3","4"],"tags":[]},{"name":"Missing payload information -- @1.3 ","uid":"9579e4cd30f3b5a7","parentUid":"a2371511f27b0a7adc36c0f9d4cc937a","status":"failed","time":{"start":1682670788036,"stop":1682670788060,"duration":24},"flaky":false,"newFailed":false,"newPassed":false,"newBroken":false,"retriesCount":2,"retriesStatusChange":false,"parameters":["EENNNNNNWWSSS","7","4","0","0"],"tags":[]},{"name":"Hoover does not move if driving into a wall -- @1.1 ","uid":"feacaf383f11472","parentUid":"a2371511f27b0a7adc36c0f9d4cc937a","status":"passed","time":{"start":1682670788062,"stop":1682670788071,"duration":9},"flaky":false,"newFailed":false,"newPassed":false,"newBroken":false,"retriesCount":2,"retriesStatusChange":false,"parameters":["0","1,0;2,2;2,3","0","0","S","5","5","0","0"],"tags":["skip"]},{"name":"Hoover does not move if driving into a wall -- @1.2 ","uid":"9a68363e5c367e9a","parentUid":"a2371511f27b0a7adc36c0f9d4cc937a","status":"passed","time":{"start":1682670788072,"stop":1682670788080,"duration":8},"flaky":false,"newFailed":false,"newPassed":false,"newBroken":false,"retriesCount":2,"retriesStatusChange":false,"parameters":["0","1,0;2,2;2,3","0","0","WW","5","5","0","0"],"tags":["skip"]},{"name":"Hoover does not move if driving into a wall -- @1.3 ","uid":"9920bda90d9162c","parentUid":"a2371511f27b0a7adc36c0f9d4cc937a","status":"failed","time":{"start":1682670788080,"stop":1682670788094,"duration":14},"flaky":false,"newFailed":false,"newPassed":false,"newBroken":false,"retriesCount":2,"retriesStatusChange":false,"parameters":["0","1,0;2,2;2,3","4","4","NN","5","5","4","4"],"tags":["skip"]},{"name":"Hoover does not move if driving into a wall -- @1.4 ","uid":"67642d7d54b2e8d","parentUid":"a2371511f27b0a7adc36c0f9d4cc937a","status":"failed","time":{"start":1682670788094,"stop":1682670788103,"duration":9},"flaky":false,"newFailed":false,"newPassed":false,"newBroken":false,"retriesCount":2,"retriesStatusChange":false,"parameters":["0","1,0;2,2;2,3","4","4","E","5","5","4","4"],"tags":["skip"]},{"name":"Hoover does not move if driving into a wall -- @1.5 ","uid":"9bf8193d9a4732b3","parentUid":"a2371511f27b0a7adc36c0f9d4cc937a","status":"passed","time":{"start":1682670788103,"stop":1682670788111,"duration":8},"flaky":false,"newFailed":false,"newPassed":false,"newBroken":false,"retriesCount":2,"retriesStatusChange":false,"parameters":["0","1,0;2,2;2,3","3","4","NN","5","5","3","3"],"tags":["skip"]},{"name":"Hoover does not move if driving into a wall -- @1.6 ","uid":"1d021d1d52f2acfe","parentUid":"a2371511f27b0a7adc36c0f9d4cc937a","status":"passed","time":{"start":1682670788112,"stop":1682670788119,"duration":7},"flaky":false,"newFailed":false,"newPassed":false,"newBroken":false,"retriesCount":2,"retriesStatusChange":false,"parameters":["0","1,0;2,2;2,3","4","3","EE","5","5","3","3"],"tags":["skip"]}],"uid":"a2371511f27b0a7adc36c0f9d4cc937a"}]}