{"uid":"4b4757e66a1912dae1a509f688f20b0f","name":"categories","children":[{"name":"Product defects","children":[{"name":"AssertionError: Expected 1 but got 4\n","children":[{"name":"Hoover navigates the room and cleans patches of dirt -- @1.1 ","uid":"c79504e2ac13d36f","parentUid":"77690048d1b18230de586be5b5787fe8","status":"failed","time":{"start":1682670787808,"stop":1682670787828,"duration":20},"flaky":false,"newFailed":false,"newPassed":false,"newBroken":false,"retriesCount":2,"retriesStatusChange":false,"parameters":["1","1,0;2,2;2,3","1","3","NNESEESWNWW","5","5","1","2"],"tags":["skip"]}],"uid":"77690048d1b18230de586be5b5787fe8"},{"name":"AssertionError: Expected [2, 9] but got [3, 9]\n","children":[{"name":"Hoover navigates the room and cleans patches of dirt -- @1.2 ","uid":"a1e00422a9242fde","parentUid":"e47103d0ed7750cf8e1f44f5d08627af","status":"failed","time":{"start":1682670787830,"stop":1682670787858,"duration":28},"flaky":false,"newFailed":false,"newPassed":false,"newBroken":false,"retriesCount":2,"retriesStatusChange":false,"parameters":["4","1,1;2,2;2,4;4,4","2","9","NESWWNWNESNENNNNN","10","10","3","4"],"tags":["skip"]}],"uid":"e47103d0ed7750cf8e1f44f5d08627af"},{"name":"AssertionError: Expected [4, 1] but got [0, 0]\n","children":[{"name":"Hoover navigates the room and cleans patches of dirt -- @1.3 ","uid":"c91c8922ecf68c3e","parentUid":"ead19c7efd63cff54541aa9d634daee6","status":"failed","time":{"start":1682670787874,"stop":1682670787903,"duration":29},"flaky":false,"newFailed":false,"newPassed":false,"newBroken":false,"retriesCount":2,"retriesStatusChange":false,"parameters":["1","1,1;3,3","4","1","EENNNNNNWWSSS","7","4","0","0"],"tags":["skip"]}],"uid":"ead19c7efd63cff54541aa9d634daee6"},{"name":"AssertionError: Expected 400 but got 200\n","children":[{"name":"Invalid parameters handling -- @1.4 ","uid":"1a29c671b142be9f","parentUid":"5659e6c27310d49e70cdacb650a626b5","status":"failed","time":{"start":1682670787926,"stop":1682670787933,"duration":7},"flaky":false,"newFailed":false,"newPassed":false,"newBroken":false,"retriesCount":2,"retriesStatusChange":false,"parameters":["1,1","N","0","0","1","-2"],"tags":[]},{"name":"Invalid parameters handling -- @1.6 ","uid":"a19ce4be82ad6564","parentUid":"5659e6c27310d49e70cdacb650a626b5","status":"failed","time":{"start":1682670787940,"stop":1682670787945,"duration":5},"flaky":false,"newFailed":false,"newPassed":false,"newBroken":false,"retriesCount":2,"retriesStatusChange":false,"parameters":["1,1","N","0","0","1","2"],"tags":[]},{"name":"Invalid parameters handling -- @1.7 ","uid":"6f82be6efcdc0931","parentUid":"5659e6c27310d49e70cdacb650a626b5","status":"failed","time":{"start":1682670787946,"stop":1682670787952,"duration":6},"flaky":false,"newFailed":false,"newPassed":false,"newBroken":false,"retriesCount":2,"retriesStatusChange":false,"parameters":["1,1","N","-1","0","1","2"],"tags":[]},{"name":"Invalid parameters handling -- @1.8 ","uid":"5848618d73cd70eb","parentUid":"5659e6c27310d49e70cdacb650a626b5","status":"failed","time":{"start":1682670787952,"stop":1682670787959,"duration":7},"flaky":false,"newFailed":false,"newPassed":false,"newBroken":false,"retriesCount":2,"retriesStatusChange":false,"parameters":["1,1","N","2","-3","1","2"],"tags":[]},{"name":"Invalid parameters handling -- @1.9 ","uid":"56dd7fda4dc0bac0","parentUid":"5659e6c27310d49e70cdacb650a626b5","status":"failed","time":{"start":1682670787959,"stop":1682670787966,"duration":7},"flaky":false,"newFailed":false,"newPassed":false,"newBroken":false,"retriesCount":2,"retriesStatusChange":false,"parameters":["1,1","N","-4","-3","1","2"],"tags":[]},{"name":"Invalid parameters handling -- @1.10 ","uid":"fe83c1be9910de1b","parentUid":"5659e6c27310d49e70cdacb650a626b5","status":"failed","time":{"start":1682670787967,"stop":1682670787973,"duration":6},"flaky":false,"newFailed":false,"newPassed":false,"newBroken":false,"retriesCount":2,"retriesStatusChange":false,"parameters":["1,1","N","5","5","-4","-2"],"tags":[]},{"name":"Invalid parameters handling -- @1.11 ","uid":"e6e33493840b1cda","parentUid":"5659e6c27310d49e70cdacb650a626b5","status":"failed","time":{"start":1682670787974,"stop":1682670787980,"duration":6},"flaky":false,"newFailed":false,"newPassed":false,"newBroken":false,"retriesCount":2,"retriesStatusChange":false,"parameters":["1,1","N","5","5","1","-1"],"tags":[]},{"name":"Invalid parameters handling -- @1.14 ","uid":"e12e7d7efe27f571","parentUid":"5659e6c27310d49e70cdacb650a626b5","status":"failed","time":{"start":1682670787993,"stop":1682670788001,"duration":8},"flaky":false,"newFailed":false,"newPassed":false,"newBroken":false,"retriesCount":2,"retriesStatusChange":false,"parameters":["1,1","N","5","5","6","7"],"tags":[]},{"name":"Invalid parameters handling -- @1.15 ","uid":"e2c43d4d69c8a44f","parentUid":"5659e6c27310d49e70cdacb650a626b5","status":"failed","time":{"start":1682670788002,"stop":1682670788009,"duration":7},"flaky":false,"newFailed":false,"newPassed":false,"newBroken":false,"retriesCount":2,"retriesStatusChange":false,"parameters":["8,6","N","5","5","2","3"],"tags":[]}],"uid":"5659e6c27310d49e70cdacb650a626b5"},{"name":"AssertionError: Expected error message 'Missing input parameter'\n","children":[{"name":"Missing payload information -- @1.1 ","uid":"ad1b898aedb7470","parentUid":"451db9eff86b01d1f31e6fa8b03baad6","status":"failed","time":{"start":1682670788010,"stop":1682670788021,"duration":11},"flaky":false,"newFailed":false,"newPassed":false,"newBroken":false,"retriesCount":2,"retriesStatusChange":false,"parameters":["NNESEESWNWW","5","5","1","2"],"tags":[]},{"name":"Missing payload information -- @1.2 ","uid":"e3cd89d8e73a9ab3","parentUid":"451db9eff86b01d1f31e6fa8b03baad6","status":"failed","time":{"start":1682670788022,"stop":1682670788035,"duration":13},"flaky":false,"newFailed":false,"newPassed":false,"newBroken":false,"retriesCount":2,"retriesStatusChange":false,"parameters":["NESWWNWNESNENNNNN","10","10","3","4"],"tags":[]},{"name":"Missing payload information -- @1.3 ","uid":"9579e4cd30f3b5a7","parentUid":"451db9eff86b01d1f31e6fa8b03baad6","status":"failed","time":{"start":1682670788036,"stop":1682670788060,"duration":24},"flaky":false,"newFailed":false,"newPassed":false,"newBroken":false,"retriesCount":2,"retriesStatusChange":false,"parameters":["EENNNNNNWWSSS","7","4","0","0"],"tags":[]}],"uid":"451db9eff86b01d1f31e6fa8b03baad6"},{"name":"AssertionError: Expected 0 but got 1\n","children":[{"name":"Hoover does not move if driving into a wall -- @1.3 ","uid":"9920bda90d9162c","parentUid":"9721519fb77b8d017aa1a11f9224449b","status":"failed","time":{"start":1682670788080,"stop":1682670788094,"duration":14},"flaky":false,"newFailed":false,"newPassed":false,"newBroken":false,"retriesCount":2,"retriesStatusChange":false,"parameters":["0","1,0;2,2;2,3","4","4","NN","5","5","4","4"],"tags":["skip"]},{"name":"Hoover does not move if driving into a wall -- @1.4 ","uid":"67642d7d54b2e8d","parentUid":"9721519fb77b8d017aa1a11f9224449b","status":"failed","time":{"start":1682670788094,"stop":1682670788103,"duration":9},"flaky":false,"newFailed":false,"newPassed":false,"newBroken":false,"retriesCount":2,"retriesStatusChange":false,"parameters":["0","1,0;2,2;2,3","4","4","E","5","5","4","4"],"tags":["skip"]}],"uid":"9721519fb77b8d017aa1a11f9224449b"}],"uid":"8fb3a91ba5aaf9de24cc8a92edc82b5d"}]}