{"uid":"ab17fc5a4eb3bca4b216b548c7f9fcbc","name":"timeline","children":[{"name":"Invalid parameters handling -- @1.11 ","uid":"967dcfbd44c7944","parentUid":"ab17fc5a4eb3bca4b216b548c7f9fcbc","status":"failed","time":{"start":1682669968666,"stop":1682669968673,"duration":7},"flaky":false,"newFailed":false,"newPassed":false,"newBroken":false,"retriesCount":0,"retriesStatusChange":false,"parameters":["1,1","N","5","5","1","-1"],"tags":[]},{"name":"Hoover does not move if driving into a wall -- @1.4 ","uid":"ca5cc2735128db0b","parentUid":"ab17fc5a4eb3bca4b216b548c7f9fcbc","status":"failed","time":{"start":1682669968785,"stop":1682669968793,"duration":8},"flaky":false,"newFailed":false,"newPassed":false,"newBroken":false,"retriesCount":0,"retriesStatusChange":false,"parameters":["0","1,0;2,2;2,3","4","4","E","5","5","4","4"],"tags":["skip"]},{"name":"Invalid parameters handling -- @1.12 ","uid":"c33af17ff56bf7f0","parentUid":"ab17fc5a4eb3bca4b216b548c7f9fcbc","status":"passed","time":{"start":1682669968674,"stop":1682669968698,"duration":24},"flaky":false,"newFailed":false,"newPassed":false,"newBroken":false,"retriesCount":0,"retriesStatusChange":false,"parameters":["1,1","N","5","5","-1","-6"],"tags":[]},{"name":"Missing payload information -- @1.3 ","uid":"9579e4cd30f3b5a7","parentUid":"ab17fc5a4eb3bca4b216b548c7f9fcbc","status":"failed","time":{"start":1682670788036,"stop":1682670788060,"duration":24},"flaky":false,"newFailed":false,"newPassed":false,"newBroken":false,"retriesCount":2,"retriesStatusChange":false,"parameters":["EENNNNNNWWSSS","7","4","0","0"],"tags":[]},{"name":"Invalid parameters handling -- @1.2 ","uid":"6bfc3159b51457cc","parentUid":"ab17fc5a4eb3bca4b216b548c7f9fcbc","status":"passed","time":{"start":1682669936999,"stop":1682669937007,"duration":8},"flaky":false,"newFailed":false,"newPassed":false,"newBroken":false,"retriesCount":0,"retriesStatusChange":false,"parameters":["0,0","E","0","0","-1","-1"],"tags":[]},{"name":"Hoover does not move if driving into a wall -- @1.2 ","uid":"9a68363e5c367e9a","parentUid":"ab17fc5a4eb3bca4b216b548c7f9fcbc","status":"passed","time":{"start":1682670788072,"stop":1682670788080,"duration":8},"flaky":false,"newFailed":false,"newPassed":false,"newBroken":false,"retriesCount":2,"retriesStatusChange":false,"parameters":["0","1,0;2,2;2,3","0","0","WW","5","5","0","0"],"tags":["skip"]},{"name":"Hoover navigates the room and cleans patches of dirt -- @1.1 ","uid":"5f939895f864ecdd","parentUid":"ab17fc5a4eb3bca4b216b548c7f9fcbc","status":"failed","time":{"start":1682669936903,"stop":1682669936920,"duration":17},"flaky":false,"newFailed":false,"newPassed":false,"newBroken":false,"retriesCount":0,"retriesStatusChange":false,"parameters":["1","1,0;2,2;2,3","1","3","NNESEESWNWW","5","5","1","2"],"tags":["skip"]},{"name":"Hoover does not move if driving into a wall -- @1.1 ","uid":"feacaf383f11472","parentUid":"ab17fc5a4eb3bca4b216b548c7f9fcbc","status":"passed","time":{"start":1682670788062,"stop":1682670788071,"duration":9},"flaky":false,"newFailed":false,"newPassed":false,"newBroken":false,"retriesCount":2,"retriesStatusChange":false,"parameters":["0","1,0;2,2;2,3","0","0","S","5","5","0","0"],"tags":["skip"]},{"name":"Invalid parameters handling -- @1.7 ","uid":"6f82be6efcdc0931","parentUid":"ab17fc5a4eb3bca4b216b548c7f9fcbc","status":"failed","time":{"start":1682670787946,"stop":1682670787952,"duration":6},"flaky":false,"newFailed":false,"newPassed":false,"newBroken":false,"retriesCount":2,"retriesStatusChange":false,"parameters":["1,1","N","-1","0","1","2"],"tags":[]},{"name":"Hoover does not move if driving into a wall -- @1.3 ","uid":"30be03376086dbbf","parentUid":"ab17fc5a4eb3bca4b216b548c7f9fcbc","status":"failed","time":{"start":1682669968777,"stop":1682669968784,"duration":7},"flaky":false,"newFailed":false,"newPassed":false,"newBroken":false,"retriesCount":0,"retriesStatusChange":false,"parameters":["0","1,0;2,2;2,3","4","4","NN","5","5","4","4"],"tags":["skip"]},{"name":"Hoover does not move if driving into a wall -- @1.5 ","uid":"9bf8193d9a4732b3","parentUid":"ab17fc5a4eb3bca4b216b548c7f9fcbc","status":"passed","time":{"start":1682670788103,"stop":1682670788111,"duration":8},"flaky":false,"newFailed":false,"newPassed":false,"newBroken":false,"retriesCount":2,"retriesStatusChange":false,"parameters":["0","1,0;2,2;2,3","3","4","NN","5","5","3","3"],"tags":["skip"]},{"name":"Invalid parameters handling -- @1.6 ","uid":"6f19a627bf6176f","parentUid":"ab17fc5a4eb3bca4b216b548c7f9fcbc","status":"failed","time":{"start":1682669937033,"stop":1682669937040,"duration":7},"flaky":false,"newFailed":false,"newPassed":false,"newBroken":false,"retriesCount":0,"retriesStatusChange":false,"parameters":["1,1","N","0","0","1","2"],"tags":[]},{"name":"Hoover navigates the room and cleans patches of dirt -- @1.2 ","uid":"a1e00422a9242fde","parentUid":"ab17fc5a4eb3bca4b216b548c7f9fcbc","status":"failed","time":{"start":1682670787830,"stop":1682670787858,"duration":28},"flaky":false,"newFailed":false,"newPassed":false,"newBroken":false,"retriesCount":2,"retriesStatusChange":false,"parameters":["4","1,1;2,2;2,4;4,4","2","9","NESWWNWNESNENNNNN","10","10","3","4"],"tags":["skip"]},{"name":"Missing payload information -- @1.1 ","uid":"9603a5739d1215ec","parentUid":"ab17fc5a4eb3bca4b216b548c7f9fcbc","status":"failed","time":{"start":1682669937110,"stop":1682669937122,"duration":12},"flaky":false,"newFailed":false,"newPassed":false,"newBroken":false,"retriesCount":0,"retriesStatusChange":false,"parameters":["NNESEESWNWW","5","5","1","2"],"tags":[]},{"name":"Invalid parameters handling -- @1.4 ","uid":"328c349661090a2f","parentUid":"ab17fc5a4eb3bca4b216b548c7f9fcbc","status":"failed","time":{"start":1682669937018,"stop":1682669937025,"duration":7},"flaky":false,"newFailed":false,"newPassed":false,"newBroken":false,"retriesCount":0,"retriesStatusChange":false,"parameters":["1,1","N","0","0","1","-2"],"tags":[]},{"name":"Invalid parameters handling -- @1.5 ","uid":"2ec326a3f28f8d67","parentUid":"ab17fc5a4eb3bca4b216b548c7f9fcbc","status":"passed","time":{"start":1682669937026,"stop":1682669937032,"duration":6},"flaky":false,"newFailed":false,"newPassed":false,"newBroken":false,"retriesCount":0,"retriesStatusChange":false,"parameters":["0,0","W","0","0","1","2"],"tags":[]},{"name":"Missing payload information -- @1.2 ","uid":"be76ed4511600e58","parentUid":"ab17fc5a4eb3bca4b216b548c7f9fcbc","status":"failed","time":{"start":1682669937123,"stop":1682669937134,"duration":11},"flaky":false,"newFailed":false,"newPassed":false,"newBroken":false,"retriesCount":0,"retriesStatusChange":false,"parameters":["NESWWNWNESNENNNNN","10","10","3","4"],"tags":[]},{"name":"Invalid parameters handling -- @1.9 ","uid":"7d51c4c54dce8df2","parentUid":"ab17fc5a4eb3bca4b216b548c7f9fcbc","status":"failed","time":{"start":1682669968651,"stop":1682669968658,"duration":7},"flaky":false,"newFailed":false,"newPassed":false,"newBroken":false,"retriesCount":0,"retriesStatusChange":false,"parameters":["1,1","N","-4","-3","1","2"],"tags":[]},{"name":"Invalid parameters handling -- @1.6 ","uid":"9dd69d2ce2d02f7a","parentUid":"ab17fc5a4eb3bca4b216b548c7f9fcbc","status":"failed","time":{"start":1682669968628,"stop":1682669968635,"duration":7},"flaky":false,"newFailed":false,"newPassed":false,"newBroken":false,"retriesCount":0,"retriesStatusChange":false,"parameters":["1,1","N","0","0","1","2"],"tags":[]},{"name":"Hoover navigates the room and cleans patches of dirt -- @1.3 ","uid":"ce18f71fc66d9884","parentUid":"ab17fc5a4eb3bca4b216b548c7f9fcbc","status":"failed","time":{"start":1682669936931,"stop":1682669936991,"duration":60},"flaky":false,"newFailed":false,"newPassed":false,"newBroken":false,"retriesCount":0,"retriesStatusChange":false,"parameters":["1","1,1;3,3","4","1","EENNNNNNWWSSS","7","4","0","0"],"tags":["skip"]},{"name":"Hoover navigates the room and cleans patches of dirt -- @1.3 ","uid":"7a05a8689a3bf4b0","parentUid":"ab17fc5a4eb3bca4b216b548c7f9fcbc","status":"failed","time":{"start":1682669968581,"stop":1682669968588,"duration":7},"flaky":false,"newFailed":false,"newPassed":false,"newBroken":false,"retriesCount":0,"retriesStatusChange":false,"parameters":["1","1,1;3,3","4","1","EENNNNNNWWSSS","7","4","0","0"],"tags":["skip"]},{"name":"Invalid parameters handling -- @1.3 ","uid":"f99c3ead3d43ba51","parentUid":"ab17fc5a4eb3bca4b216b548c7f9fcbc","status":"passed","time":{"start":1682670787919,"stop":1682670787925,"duration":6},"flaky":false,"newFailed":false,"newPassed":false,"newBroken":false,"retriesCount":2,"retriesStatusChange":false,"parameters":["1,1","S","0","0","-1","-1"],"tags":[]},{"name":"Hoover does not move if driving into a wall -- @1.3 ","uid":"855538392c64c77c","parentUid":"ab17fc5a4eb3bca4b216b548c7f9fcbc","status":"failed","time":{"start":1682669937166,"stop":1682669937173,"duration":7},"flaky":false,"newFailed":false,"newPassed":false,"newBroken":false,"retriesCount":0,"retriesStatusChange":false,"parameters":["0","1,0;2,2;2,3","4","4","NN","5","5","4","4"],"tags":["skip"]},{"name":"Hoover navigates the room and cleans patches of dirt -- @1.3 ","uid":"c91c8922ecf68c3e","parentUid":"ab17fc5a4eb3bca4b216b548c7f9fcbc","status":"failed","time":{"start":1682670787874,"stop":1682670787903,"duration":29},"flaky":false,"newFailed":false,"newPassed":false,"newBroken":false,"retriesCount":2,"retriesStatusChange":false,"parameters":["1","1,1;3,3","4","1","EENNNNNNWWSSS","7","4","0","0"],"tags":["skip"]},{"name":"Invalid parameters handling -- @1.6 ","uid":"a19ce4be82ad6564","parentUid":"ab17fc5a4eb3bca4b216b548c7f9fcbc","status":"failed","time":{"start":1682670787940,"stop":1682670787945,"duration":5},"flaky":false,"newFailed":false,"newPassed":false,"newBroken":false,"retriesCount":2,"retriesStatusChange":false,"parameters":["1,1","N","0","0","1","2"],"tags":[]},{"name":"Invalid parameters handling -- @1.5 ","uid":"caf4f299093292ff","parentUid":"ab17fc5a4eb3bca4b216b548c7f9fcbc","status":"passed","time":{"start":1682669968621,"stop":1682669968628,"duration":7},"flaky":false,"newFailed":false,"newPassed":false,"newBroken":false,"retriesCount":0,"retriesStatusChange":false,"parameters":["0,0","W","0","0","1","2"],"tags":[]},{"name":"Hoover does not move if driving into a wall -- @1.3 ","uid":"9920bda90d9162c","parentUid":"ab17fc5a4eb3bca4b216b548c7f9fcbc","status":"failed","time":{"start":1682670788080,"stop":1682670788094,"duration":14},"flaky":false,"newFailed":false,"newPassed":false,"newBroken":false,"retriesCount":2,"retriesStatusChange":false,"parameters":["0","1,0;2,2;2,3","4","4","NN","5","5","4","4"],"tags":["skip"]},{"name":"Hoover does not move if driving into a wall -- @1.1 ","uid":"c6ac4e0036b056e2","parentUid":"ab17fc5a4eb3bca4b216b548c7f9fcbc","status":"passed","time":{"start":1682669968762,"stop":1682669968769,"duration":7},"flaky":false,"newFailed":false,"newPassed":false,"newBroken":false,"retriesCount":0,"retriesStatusChange":false,"parameters":["0","1,0;2,2;2,3","0","0","S","5","5","0","0"],"tags":["skip"]},{"name":"Invalid parameters handling -- @1.3 ","uid":"40ac51860574ff9a","parentUid":"ab17fc5a4eb3bca4b216b548c7f9fcbc","status":"passed","time":{"start":1682669968603,"stop":1682669968610,"duration":7},"flaky":false,"newFailed":false,"newPassed":false,"newBroken":false,"retriesCount":0,"retriesStatusChange":false,"parameters":["1,1","S","0","0","-1","-1"],"tags":[]},{"name":"Invalid parameters handling -- @1.4 ","uid":"1a29c671b142be9f","parentUid":"ab17fc5a4eb3bca4b216b548c7f9fcbc","status":"failed","time":{"start":1682670787926,"stop":1682670787933,"duration":7},"flaky":false,"newFailed":false,"newPassed":false,"newBroken":false,"retriesCount":2,"retriesStatusChange":false,"parameters":["1,1","N","0","0","1","-2"],"tags":[]},{"name":"Invalid parameters handling -- @1.8 ","uid":"6324aacc7dc732a5","parentUid":"ab17fc5a4eb3bca4b216b548c7f9fcbc","status":"failed","time":{"start":1682669937048,"stop":1682669937057,"duration":9},"flaky":false,"newFailed":false,"newPassed":false,"newBroken":false,"retriesCount":0,"retriesStatusChange":false,"parameters":["1,1","N","2","-3","1","2"],"tags":[]},{"name":"Invalid parameters handling -- @1.7 ","uid":"490582a4d0eaffa3","parentUid":"ab17fc5a4eb3bca4b216b548c7f9fcbc","status":"failed","time":{"start":1682669968636,"stop":1682669968643,"duration":7},"flaky":false,"newFailed":false,"newPassed":false,"newBroken":false,"retriesCount":0,"retriesStatusChange":false,"parameters":["1,1","N","-1","0","1","2"],"tags":[]},{"name":"Invalid parameters handling -- @1.12 ","uid":"e6e758f26fba2f5f","parentUid":"ab17fc5a4eb3bca4b216b548c7f9fcbc","status":"passed","time":{"start":1682670787981,"stop":1682670787987,"duration":6},"flaky":false,"newFailed":false,"newPassed":false,"newBroken":false,"retriesCount":2,"retriesStatusChange":false,"parameters":["1,1","N","5","5","-1","-6"],"tags":[]},{"name":"Hoover does not move if driving into a wall -- @1.6 ","uid":"1d021d1d52f2acfe","parentUid":"ab17fc5a4eb3bca4b216b548c7f9fcbc","status":"passed","time":{"start":1682670788112,"stop":1682670788119,"duration":7},"flaky":false,"newFailed":false,"newPassed":false,"newBroken":false,"retriesCount":2,"retriesStatusChange":false,"parameters":["0","1,0;2,2;2,3","4","3","EE","5","5","3","3"],"tags":["skip"]},{"name":"Hoover does not move if driving into a wall -- @1.4 ","uid":"67642d7d54b2e8d","parentUid":"ab17fc5a4eb3bca4b216b548c7f9fcbc","status":"failed","time":{"start":1682670788094,"stop":1682670788103,"duration":9},"flaky":false,"newFailed":false,"newPassed":false,"newBroken":false,"retriesCount":2,"retriesStatusChange":false,"parameters":["0","1,0;2,2;2,3","4","4","E","5","5","4","4"],"tags":["skip"]},{"name":"Invalid parameters handling -- @1.11 ","uid":"4e4b8d08308b8967","parentUid":"ab17fc5a4eb3bca4b216b548c7f9fcbc","status":"failed","time":{"start":1682669937072,"stop":1682669937079,"duration":7},"flaky":false,"newFailed":false,"newPassed":false,"newBroken":false,"retriesCount":0,"retriesStatusChange":false,"parameters":["1,1","N","5","5","1","-1"],"tags":[]},{"name":"Invalid parameters handling -- @1.13 ","uid":"8df93a0cd34912ce","parentUid":"ab17fc5a4eb3bca4b216b548c7f9fcbc","status":"passed","time":{"start":1682669968698,"stop":1682669968703,"duration":5},"flaky":false,"newFailed":false,"newPassed":false,"newBroken":false,"retriesCount":0,"retriesStatusChange":false,"parameters":["1,1","N","5","5","5","5"],"tags":[]},{"name":"Missing payload information -- @1.2 ","uid":"e3cd89d8e73a9ab3","parentUid":"ab17fc5a4eb3bca4b216b548c7f9fcbc","status":"failed","time":{"start":1682670788022,"stop":1682670788035,"duration":13},"flaky":false,"newFailed":false,"newPassed":false,"newBroken":false,"retriesCount":2,"retriesStatusChange":false,"parameters":["NESWWNWNESNENNNNN","10","10","3","4"],"tags":[]},{"name":"Invalid parameters handling -- @1.8 ","uid":"c07aabe6dedc1517","parentUid":"ab17fc5a4eb3bca4b216b548c7f9fcbc","status":"failed","time":{"start":1682669968644,"stop":1682669968650,"duration":6},"flaky":false,"newFailed":false,"newPassed":false,"newBroken":false,"retriesCount":0,"retriesStatusChange":false,"parameters":["1,1","N","2","-3","1","2"],"tags":[]},{"name":"Invalid parameters handling -- @1.13 ","uid":"59c7ccd3fd298c3d","parentUid":"ab17fc5a4eb3bca4b216b548c7f9fcbc","status":"passed","time":{"start":1682670787988,"stop":1682670787993,"duration":5},"flaky":false,"newFailed":false,"newPassed":false,"newBroken":false,"retriesCount":2,"retriesStatusChange":false,"parameters":["1,1","N","5","5","5","5"],"tags":[]},{"name":"Hoover does not move if driving into a wall -- @1.5 ","uid":"f6329fe28a2af85d","parentUid":"ab17fc5a4eb3bca4b216b548c7f9fcbc","status":"passed","time":{"start":1682669937182,"stop":1682669937190,"duration":8},"flaky":false,"newFailed":false,"newPassed":false,"newBroken":false,"retriesCount":0,"retriesStatusChange":false,"parameters":["0","1,0;2,2;2,3","3","4","NN","5","5","3","3"],"tags":["skip"]},{"name":"Hoover navigates the room and cleans patches of dirt -- @1.2 ","uid":"c0e0cb27c71a2e7e","parentUid":"ab17fc5a4eb3bca4b216b548c7f9fcbc","status":"failed","time":{"start":1682669936921,"stop":1682669936930,"duration":9},"flaky":false,"newFailed":false,"newPassed":false,"newBroken":false,"retriesCount":0,"retriesStatusChange":false,"parameters":["4","1,1;2,2;2,4;4,4","2","9","NESWWNWNESNENNNNN","10","10","3","4"],"tags":["skip"]},{"name":"Invalid parameters handling -- @1.5 ","uid":"9818d27697fa7787","parentUid":"ab17fc5a4eb3bca4b216b548c7f9fcbc","status":"passed","time":{"start":1682670787934,"stop":1682670787939,"duration":5},"flaky":false,"newFailed":false,"newPassed":false,"newBroken":false,"retriesCount":2,"retriesStatusChange":false,"parameters":["0,0","W","0","0","1","2"],"tags":[]},{"name":"Invalid parameters handling -- @1.15 ","uid":"a3e9d33a2302ed9c","parentUid":"ab17fc5a4eb3bca4b216b548c7f9fcbc","status":"failed","time":{"start":1682669937100,"stop":1682669937109,"duration":9},"flaky":false,"newFailed":false,"newPassed":false,"newBroken":false,"retriesCount":0,"retriesStatusChange":false,"parameters":["8,6","N","5","5","2","3"],"tags":[]},{"name":"Missing payload information -- @1.3 ","uid":"a7ec7f147bb0812f","parentUid":"ab17fc5a4eb3bca4b216b548c7f9fcbc","status":"failed","time":{"start":1682669937135,"stop":1682669937146,"duration":11},"flaky":false,"newFailed":false,"newPassed":false,"newBroken":false,"retriesCount":0,"retriesStatusChange":false,"parameters":["EENNNNNNWWSSS","7","4","0","0"],"tags":[]},{"name":"Invalid parameters handling -- @1.2 ","uid":"2bf2029a83eeb83b","parentUid":"ab17fc5a4eb3bca4b216b548c7f9fcbc","status":"passed","time":{"start":1682670787911,"stop":1682670787918,"duration":7},"flaky":false,"newFailed":false,"newPassed":false,"newBroken":false,"retriesCount":2,"retriesStatusChange":false,"parameters":["0,0","E","0","0","-1","-1"],"tags":[]},{"name":"Hoover does not move if driving into a wall -- @1.5 ","uid":"688c49036fbcadea","parentUid":"ab17fc5a4eb3bca4b216b548c7f9fcbc","status":"passed","time":{"start":1682669968794,"stop":1682669968800,"duration":6},"flaky":false,"newFailed":false,"newPassed":false,"newBroken":false,"retriesCount":0,"retriesStatusChange":false,"parameters":["0","1,0;2,2;2,3","3","4","NN","5","5","3","3"],"tags":["skip"]},{"name":"Invalid parameters handling -- @1.8 ","uid":"5848618d73cd70eb","parentUid":"ab17fc5a4eb3bca4b216b548c7f9fcbc","status":"failed","time":{"start":1682670787952,"stop":1682670787959,"duration":7},"flaky":false,"newFailed":false,"newPassed":false,"newBroken":false,"retriesCount":2,"retriesStatusChange":false,"parameters":["1,1","N","2","-3","1","2"],"tags":[]},{"name":"Invalid parameters handling -- @1.1 ","uid":"4397cd88c9570295","parentUid":"ab17fc5a4eb3bca4b216b548c7f9fcbc","status":"passed","time":{"start":1682670787904,"stop":1682670787911,"duration":7},"flaky":false,"newFailed":false,"newPassed":false,"newBroken":false,"retriesCount":2,"retriesStatusChange":false,"parameters":["0,0","N","0","0","0","0"],"tags":[]},{"name":"Invalid parameters handling -- @1.15 ","uid":"6bf7a63519e35118","parentUid":"ab17fc5a4eb3bca4b216b548c7f9fcbc","status":"failed","time":{"start":1682669968713,"stop":1682669968723,"duration":10},"flaky":false,"newFailed":false,"newPassed":false,"newBroken":false,"retriesCount":0,"retriesStatusChange":false,"parameters":["8,6","N","5","5","2","3"],"tags":[]},{"name":"Invalid parameters handling -- @1.1 ","uid":"a3943d6c39a56428","parentUid":"ab17fc5a4eb3bca4b216b548c7f9fcbc","status":"passed","time":{"start":1682669968589,"stop":1682669968596,"duration":7},"flaky":false,"newFailed":false,"newPassed":false,"newBroken":false,"retriesCount":0,"retriesStatusChange":false,"parameters":["0,0","N","0","0","0","0"],"tags":[]},{"name":"Missing payload information -- @1.2 ","uid":"9566f2e27558b774","parentUid":"ab17fc5a4eb3bca4b216b548c7f9fcbc","status":"failed","time":{"start":1682669968738,"stop":1682669968749,"duration":11},"flaky":false,"newFailed":false,"newPassed":false,"newBroken":false,"retriesCount":0,"retriesStatusChange":false,"parameters":["NESWWNWNESNENNNNN","10","10","3","4"],"tags":[]},{"name":"Hoover does not move if driving into a wall -- @1.6 ","uid":"81f5a40d7e1e11f0","parentUid":"ab17fc5a4eb3bca4b216b548c7f9fcbc","status":"passed","time":{"start":1682669968801,"stop":1682669968811,"duration":10},"flaky":false,"newFailed":false,"newPassed":false,"newBroken":false,"retriesCount":0,"retriesStatusChange":false,"parameters":["0","1,0;2,2;2,3","4","3","EE","5","5","3","3"],"tags":["skip"]},{"name":"Hoover does not move if driving into a wall -- @1.2 ","uid":"c98a8b520c5ccea8","parentUid":"ab17fc5a4eb3bca4b216b548c7f9fcbc","status":"passed","time":{"start":1682669968770,"stop":1682669968776,"duration":6},"flaky":false,"newFailed":false,"newPassed":false,"newBroken":false,"retriesCount":0,"retriesStatusChange":false,"parameters":["0","1,0;2,2;2,3","0","0","WW","5","5","0","0"],"tags":["skip"]},{"name":"Invalid parameters handling -- @1.10 ","uid":"94f519790f03d1d3","parentUid":"ab17fc5a4eb3bca4b216b548c7f9fcbc","status":"failed","time":{"start":1682669937065,"stop":1682669937072,"duration":7},"flaky":false,"newFailed":false,"newPassed":false,"newBroken":false,"retriesCount":0,"retriesStatusChange":false,"parameters":["1,1","N","5","5","-4","-2"],"tags":[]},{"name":"Invalid parameters handling -- @1.14 ","uid":"fc2aa2cc302aebf1","parentUid":"ab17fc5a4eb3bca4b216b548c7f9fcbc","status":"failed","time":{"start":1682669968704,"stop":1682669968712,"duration":8},"flaky":false,"newFailed":false,"newPassed":false,"newBroken":false,"retriesCount":0,"retriesStatusChange":false,"parameters":["1,1","N","5","5","6","7"],"tags":[]},{"name":"Hoover navigates the room and cleans patches of dirt -- @1.1 ","uid":"c79504e2ac13d36f","parentUid":"ab17fc5a4eb3bca4b216b548c7f9fcbc","status":"failed","time":{"start":1682670787808,"stop":1682670787828,"duration":20},"flaky":false,"newFailed":false,"newPassed":false,"newBroken":false,"retriesCount":2,"retriesStatusChange":false,"parameters":["1","1,0;2,2;2,3","1","3","NNESEESWNWW","5","5","1","2"],"tags":["skip"]},{"name":"Invalid parameters handling -- @1.10 ","uid":"fe83c1be9910de1b","parentUid":"ab17fc5a4eb3bca4b216b548c7f9fcbc","status":"failed","time":{"start":1682670787967,"stop":1682670787973,"duration":6},"flaky":false,"newFailed":false,"newPassed":false,"newBroken":false,"retriesCount":2,"retriesStatusChange":false,"parameters":["1,1","N","5","5","-4","-2"],"tags":[]},{"name":"Invalid parameters handling -- @1.1 ","uid":"8c70243cdbb8d256","parentUid":"ab17fc5a4eb3bca4b216b548c7f9fcbc","status":"passed","time":{"start":1682669936991,"stop":1682669936998,"duration":7},"flaky":false,"newFailed":false,"newPassed":false,"newBroken":false,"retriesCount":0,"retriesStatusChange":false,"parameters":["0,0","N","0","0","0","0"],"tags":[]},{"name":"Invalid parameters handling -- @1.12 ","uid":"14cbc12cf1971fac","parentUid":"ab17fc5a4eb3bca4b216b548c7f9fcbc","status":"passed","time":{"start":1682669937079,"stop":1682669937086,"duration":7},"flaky":false,"newFailed":false,"newPassed":false,"newBroken":false,"retriesCount":0,"retriesStatusChange":false,"parameters":["1,1","N","5","5","-1","-6"],"tags":[]},{"name":"Hoover navigates the room and cleans patches of dirt -- @1.1 ","uid":"df136ae9f7749778","parentUid":"ab17fc5a4eb3bca4b216b548c7f9fcbc","status":"failed","time":{"start":1682669968562,"stop":1682669968571,"duration":9},"flaky":false,"newFailed":false,"newPassed":false,"newBroken":false,"retriesCount":0,"retriesStatusChange":false,"parameters":["1","1,0;2,2;2,3","1","3","NNESEESWNWW","5","5","1","2"],"tags":["skip"]},{"name":"Invalid parameters handling -- @1.14 ","uid":"2217e2599cad2aa1","parentUid":"ab17fc5a4eb3bca4b216b548c7f9fcbc","status":"failed","time":{"start":1682669937094,"stop":1682669937100,"duration":6},"flaky":false,"newFailed":false,"newPassed":false,"newBroken":false,"retriesCount":0,"retriesStatusChange":false,"parameters":["1,1","N","5","5","6","7"],"tags":[]},{"name":"Invalid parameters handling -- @1.10 ","uid":"fdb790dda6fdfa55","parentUid":"ab17fc5a4eb3bca4b216b548c7f9fcbc","status":"failed","time":{"start":1682669968658,"stop":1682669968665,"duration":7},"flaky":false,"newFailed":false,"newPassed":false,"newBroken":false,"retriesCount":0,"retriesStatusChange":false,"parameters":["1,1","N","5","5","-4","-2"],"tags":[]},{"name":"Hoover does not move if driving into a wall -- @1.4 ","uid":"52c2600c5d3b7e1d","parentUid":"ab17fc5a4eb3bca4b216b548c7f9fcbc","status":"failed","time":{"start":1682669937174,"stop":1682669937182,"duration":8},"flaky":false,"newFailed":false,"newPassed":false,"newBroken":false,"retriesCount":0,"retriesStatusChange":false,"parameters":["0","1,0;2,2;2,3","4","4","E","5","5","4","4"],"tags":["skip"]},{"name":"Invalid parameters handling -- @1.2 ","uid":"7df058f9decb834c","parentUid":"ab17fc5a4eb3bca4b216b548c7f9fcbc","status":"passed","time":{"start":1682669968596,"stop":1682669968603,"duration":7},"flaky":false,"newFailed":false,"newPassed":false,"newBroken":false,"retriesCount":0,"retriesStatusChange":false,"parameters":["0,0","E","0","0","-1","-1"],"tags":[]},{"name":"Invalid parameters handling -- @1.11 ","uid":"e6e33493840b1cda","parentUid":"ab17fc5a4eb3bca4b216b548c7f9fcbc","status":"failed","time":{"start":1682670787974,"stop":1682670787980,"duration":6},"flaky":false,"newFailed":false,"newPassed":false,"newBroken":false,"retriesCount":2,"retriesStatusChange":false,"parameters":["1,1","N","5","5","1","-1"],"tags":[]},{"name":"Missing payload information -- @1.1 ","uid":"84641b8fbe2c65f5","parentUid":"ab17fc5a4eb3bca4b216b548c7f9fcbc","status":"failed","time":{"start":1682669968724,"stop":1682669968738,"duration":14},"flaky":false,"newFailed":false,"newPassed":false,"newBroken":false,"retriesCount":0,"retriesStatusChange":false,"parameters":["NNESEESWNWW","5","5","1","2"],"tags":[]},{"name":"Hoover does not move if driving into a wall -- @1.2 ","uid":"f9f72af63ea6f08e","parentUid":"ab17fc5a4eb3bca4b216b548c7f9fcbc","status":"passed","time":{"start":1682669937154,"stop":1682669937165,"duration":11},"flaky":false,"newFailed":false,"newPassed":false,"newBroken":false,"retriesCount":0,"retriesStatusChange":false,"parameters":["0","1,0;2,2;2,3","0","0","WW","5","5","0","0"],"tags":["skip"]},{"name":"Hoover does not move if driving into a wall -- @1.6 ","uid":"1470c145d8f60352","parentUid":"ab17fc5a4eb3bca4b216b548c7f9fcbc","status":"passed","time":{"start":1682669937190,"stop":1682669937197,"duration":7},"flaky":false,"newFailed":false,"newPassed":false,"newBroken":false,"retriesCount":0,"retriesStatusChange":false,"parameters":["0","1,0;2,2;2,3","4","3","EE","5","5","3","3"],"tags":["skip"]},{"name":"Hoover does not move if driving into a wall -- @1.1 ","uid":"15c575402a79724d","parentUid":"ab17fc5a4eb3bca4b216b548c7f9fcbc","status":"passed","time":{"start":1682669937146,"stop":1682669937154,"duration":8},"flaky":false,"newFailed":false,"newPassed":false,"newBroken":false,"retriesCount":0,"retriesStatusChange":false,"parameters":["0","1,0;2,2;2,3","0","0","S","5","5","0","0"],"tags":["skip"]},{"name":"Hoover navigates the room and cleans patches of dirt -- @1.2 ","uid":"7f19c627f6aa3701","parentUid":"ab17fc5a4eb3bca4b216b548c7f9fcbc","status":"failed","time":{"start":1682669968572,"stop":1682669968580,"duration":8},"flaky":false,"newFailed":false,"newPassed":false,"newBroken":false,"retriesCount":0,"retriesStatusChange":false,"parameters":["4","1,1;2,2;2,4;4,4","2","9","NESWWNWNESNENNNNN","10","10","3","4"],"tags":["skip"]},{"name":"Missing payload information -- @1.1 ","uid":"ad1b898aedb7470","parentUid":"ab17fc5a4eb3bca4b216b548c7f9fcbc","status":"failed","time":{"start":1682670788010,"stop":1682670788021,"duration":11},"flaky":false,"newFailed":false,"newPassed":false,"newBroken":false,"retriesCount":2,"retriesStatusChange":false,"parameters":["NNESEESWNWW","5","5","1","2"],"tags":[]},{"name":"Invalid parameters handling -- @1.3 ","uid":"fd8c8f0f0b2af3e","parentUid":"ab17fc5a4eb3bca4b216b548c7f9fcbc","status":"passed","time":{"start":1682669937008,"stop":1682669937018,"duration":10},"flaky":false,"newFailed":false,"newPassed":false,"newBroken":false,"retriesCount":0,"retriesStatusChange":false,"parameters":["1,1","S","0","0","-1","-1"],"tags":[]},{"name":"Invalid parameters handling -- @1.14 ","uid":"e12e7d7efe27f571","parentUid":"ab17fc5a4eb3bca4b216b548c7f9fcbc","status":"failed","time":{"start":1682670787993,"stop":1682670788001,"duration":8},"flaky":false,"newFailed":false,"newPassed":false,"newBroken":false,"retriesCount":2,"retriesStatusChange":false,"parameters":["1,1","N","5","5","6","7"],"tags":[]},{"name":"Invalid parameters handling -- @1.15 ","uid":"e2c43d4d69c8a44f","parentUid":"ab17fc5a4eb3bca4b216b548c7f9fcbc","status":"failed","time":{"start":1682670788002,"stop":1682670788009,"duration":7},"flaky":false,"newFailed":false,"newPassed":false,"newBroken":false,"retriesCount":2,"retriesStatusChange":false,"parameters":["8,6","N","5","5","2","3"],"tags":[]},{"name":"Invalid parameters handling -- @1.13 ","uid":"bd1b237e0092fcb6","parentUid":"ab17fc5a4eb3bca4b216b548c7f9fcbc","status":"passed","time":{"start":1682669937087,"stop":1682669937093,"duration":6},"flaky":false,"newFailed":false,"newPassed":false,"newBroken":false,"retriesCount":0,"retriesStatusChange":false,"parameters":["1,1","N","5","5","5","5"],"tags":[]},{"name":"Invalid parameters handling -- @1.9 ","uid":"56dd7fda4dc0bac0","parentUid":"ab17fc5a4eb3bca4b216b548c7f9fcbc","status":"failed","time":{"start":1682670787959,"stop":1682670787966,"duration":7},"flaky":false,"newFailed":false,"newPassed":false,"newBroken":false,"retriesCount":2,"retriesStatusChange":false,"parameters":["1,1","N","-4","-3","1","2"],"tags":[]},{"name":"Invalid parameters handling -- @1.4 ","uid":"3ff775d6fe285f71","parentUid":"ab17fc5a4eb3bca4b216b548c7f9fcbc","status":"failed","time":{"start":1682669968611,"stop":1682669968621,"duration":10},"flaky":false,"newFailed":false,"newPassed":false,"newBroken":false,"retriesCount":0,"retriesStatusChange":false,"parameters":["1,1","N","0","0","1","-2"],"tags":[]},{"name":"Invalid parameters handling -- @1.7 ","uid":"4f38f08e66ebef51","parentUid":"ab17fc5a4eb3bca4b216b548c7f9fcbc","status":"failed","time":{"start":1682669937040,"stop":1682669937047,"duration":7},"flaky":false,"newFailed":false,"newPassed":false,"newBroken":false,"retriesCount":0,"retriesStatusChange":false,"parameters":["1,1","N","-1","0","1","2"],"tags":[]},{"name":"Invalid parameters handling -- @1.9 ","uid":"d248c4e754e02e5","parentUid":"ab17fc5a4eb3bca4b216b548c7f9fcbc","status":"failed","time":{"start":1682669937058,"stop":1682669937064,"duration":6},"flaky":false,"newFailed":false,"newPassed":false,"newBroken":false,"retriesCount":0,"retriesStatusChange":false,"parameters":["1,1","N","-4","-3","1","2"],"tags":[]},{"name":"Missing payload information -- @1.3 ","uid":"cd46f54dbf167b6f","parentUid":"ab17fc5a4eb3bca4b216b548c7f9fcbc","status":"failed","time":{"start":1682669968750,"stop":1682669968761,"duration":11},"flaky":false,"newFailed":false,"newPassed":false,"newBroken":false,"retriesCount":0,"retriesStatusChange":false,"parameters":["EENNNNNNWWSSS","7","4","0","0"],"tags":[]}]}